{
    "arbitrum": {
        "mainnet": {
            "error": 3692,
            "proxies": 79,
            "proxy_ratio": 0.0443073471676949,
            "total": 1783,
            "upgradeable_proxies": 77,
            "upgradeable_proxy_ratio": 0.04318564217610768
        }
    },
    "avalanche": {
        "mainnet": {
            "error": 9428,
            "proxies": 122,
            "proxy_ratio": 0.0089811542991755,
            "total": 13584,
            "upgradeable_proxies": 113,
            "upgradeable_proxy_ratio": 0.008318610129564193
        }
    },
    "bsc": {
        "mainnet": {
            "error": 41632,
            "proxies": 388,
            "proxy_ratio": 0.0026185960815544203,
            "total": 148171,
            "upgradeable_proxies": 352,
            "upgradeable_proxy_ratio": 0.002375633558523598
        }
    },
    "celo": {
        "mainnet": {
            "error": 1163,
            "proxies": 34,
            "proxy_ratio": 0.07852193995381063,
            "total": 433,
            "upgradeable_proxies": 33,
            "upgradeable_proxy_ratio": 0.07621247113163972
        }
    },
    "ethereum": {
        "mainnet": {
            "error": 92758,
            "proxies": 5349,
            "proxy_ratio": 0.04125786745649759,
            "total": 129648,
            "upgradeable_proxies": 2222,
            "upgradeable_proxy_ratio": 0.017138714056522276
        }
    },
    "fantom": {
        "mainnet": {
            "error": 14151,
            "proxies": 112,
            "proxy_ratio": 0.007782101167315175,
            "total": 14392,
            "upgradeable_proxies": 96,
            "upgradeable_proxy_ratio": 0.006670372429127293
        }
    },
    "optimism": {
        "mainnet": {
            "error": 2092,
            "proxies": 13,
            "proxy_ratio": 0.023214285714285715,
            "total": 560,
            "upgradeable_proxies": 13,
            "upgradeable_proxy_ratio": 0.023214285714285715
        }
    },
    "polygon": {
        "mainnet": {
            "error": 11905,
            "proxies": 342,
            "proxy_ratio": 0.022398323400353658,
            "total": 15269,
            "upgradeable_proxies": 335,
            "upgradeable_proxy_ratio": 0.021939878184556946
        }
    }
}